Time,Linear
0,-0.01932
2.26767E-05,0.01382
4.53533E-05,0.04813
6.803E-05,0.0834
9.07067E-05,0.11832
0.000113383,0.15045
0.00013606,0.17795
0.000158737,0.20044
0.000181413,0.21884
0.00020409,0.23367
0.000226767,0.24393
0.000249443,0.24738
0.00027212,0.24258
0.000294797,0.23032
0.000317473,0.2139
0.00034015,0.19699
0.000362827,0.18155
0.000385503,0.16748
0.00040818,0.15317
0.000430857,0.13815
0.000453533,0.12354
0.00047621,0.11191
0.000498887,0.10437
0.000521563,0.10138
0.00054424,0.10126
0.000566917,0.10419
0.000589593,0.11063
0.00061227,0.1243
0.000634947,0.1463
0.000657623,0.17975
0.0006803,0.22269
0.000702977,0.27798
0.000725653,0.34348
0.00074833,0.42386
0.000771007,0.51334
0.000793683,0.61517
0.00081636,0.70737
0.000839037,0.75613
0.000861713,0.81561
0.00088439,0.87485
0.000907067,0.9129
0.000929743,0.93533
0.00095242,0.95068
0.000975097,0.96588
0.000997773,0.97888
0.00102045,0.9873
0.001043127,0.98856
0.001065803,0.98599
0.00108848,0.98251
0.001111157,0.98132
0.001133833,0.98117
0.00115651,0.98108
0.001179187,0.97696
0.001201863,0.96667
0.00122454,0.957
0.001247217,0.948
0.001269893,0.93719
0.00129257,0.92505
0.001315247,0.91159
0.001337923,0.89783
0.0013606,0.88388
0.001383277,0.8699
0.001405953,0.85544
0.00142863,0.8407
0.001451307,0.82587
0.001473983,0.81152
0.00149666,0.79758
0.001519337,0.78384
0.001542013,0.76971
0.00156469,0.7554
0.001587367,0.74097
0.001610043,0.72717
0.00163272,0.71378
0.001655397,0.70108
0.001678073,0.68799
0.00170075,0.67468
0.001723427,0.66013
0.001746103,0.64587
0.00176878,0.63193
0.001791457,0.62119
0.001814133,0.61218
0.00183681,0.60367
0.001859487,0.58633
0.001882163,0.5513
0.00190484,0.48499
0.001927517,0.38184
0.001950193,0.23999
0.00197287,0.06793
0.001995547,-0.1207
0.002018223,-0.31317
0.0020409,-0.42801
0.002063577,-0.54843
0.002086253,-0.67987
0.00210893,-0.76456
0.002131607,-0.81766
0.002154283,-0.85452
0.00217696,-0.89362
0.002199637,-0.92749
0.002222313,-0.95096
0.00224499,-0.95743
0.002267667,-0.9549
0.002290343,-0.95093
0.00231302,-0.95221
0.002335697,-0.95721
0.002358373,-0.96072
0.00238105,-0.96088
0.002403727,-0.95581
0.002426403,-0.95248
0.00244908,-0.93066
0.002471757,-0.89536
0.002494433,-0.86517
0.00251711,-0.82831
0.002539787,-0.77927
0.002562463,-0.70822
0.00258514,-0.61859
0.002607817,-0.51944
0.002630493,-0.42694
0.00265317,-0.35297
0.002675847,-0.30362
0.002698523,-0.27585
0.0027212,-0.26129
0.002743877,-0.24872
0.002766553,-0.22827
0.00278923,-0.19293
0.002811907,-0.14041
0.002834583,-0.07376
0.00285726,-0.00079
0.002879937,0.06863
0.002902613,0.1264
0.00292529,0.1694
0.002947967,0.20001
0.002970643,0.22308
0.00299332,0.24158
0.003015997,0.25366
0.003038673,0.25351
0.00306135,0.23495
0.003084027,0.19537
0.003106703,0.1369
0.00312938,0.06482
0.003152057,-0.01505
0.003174733,-0.09802
0.00319741,-0.18011
0.003220087,-0.25702
0.003242763,-0.32468
0.00326544,-0.38138
0.003288117,-0.42932
0.003310793,-0.47406
0.00333347,-0.52124
0.003356147,-0.57263
0.003378823,-0.62482
0.0034015,-0.67145
0.003424177,-0.70767
0.003446853,-0.73285
0.00346953,-0.75021
0.003492207,-0.76337
0.003514883,-0.77344
0.00353756,-0.77887
0.003560237,-0.77792
0.003582913,-0.77106
0.00360559,-0.76144
0.003628267,-0.75217
0.003650943,-0.74448
0.00367362,-0.73642
0.003696297,-0.7254
0.003718973,-0.71039
0.00374165,-0.69257
0.003764327,-0.67386
0.003787003,-0.65469
0.00380968,-0.63376
0.003832357,-0.60956
0.003855033,-0.58377
0.00387771,-0.5596
0.003900387,-0.54004
0.003923063,-0.52499
0.00394574,-0.50992
0.003968417,-0.48883
0.003991093,-0.45822
0.00401377,-0.4201
0.004036447,-0.38043
0.004059123,-0.34525
0.0040818,-0.31659
0.004104477,-0.29239
0.004127153,-0.26898
0.00414983,-0.24426
0.004172507,-0.21887
0.004195183,-0.19434
0.00421786,-0.17078
0.004240537,-0.14633
0.004263213,-0.1188
0.00428589,-0.08759
0.004308567,-0.05463
0.004331243,-0.0224
0.00435392,0.00793
0.004376597,0.03766
0.004399273,0.06851
0.00442195,0.10062
0.004444627,0.13174
0.004467303,0.15851
0.00448998,0.1792
0.004512657,0.19461
0.004535333,0.20685
0.00455801,0.21704
0.004580687,0.22391
0.004603363,0.22498
0.00462604,0.21912
0.004648717,0.20819
0.004671393,0.19589
0.00469407,0.18521
0.004716747,0.17645
0.004739423,0.1676
0.0047621,0.15652
0.004784777,0.14346
0.004807453,0.13086
0.00483013,0.12164
0.004852807,0.11658
0.004875483,0.11469
0.00489816,0.11444
0.004920837,0.11591
0.004943513,0.12155
0.00496619,0.13428
0.004988867,0.15594
0.005011543,0.1861
0.00503422,0.2247
0.005056897,0.27179
0.005079573,0.33109
0.00510225,0.40378
0.005124927,0.49185
0.005147603,0.58887
0.00517028,0.68796
0.005192957,0.7442
0.005215633,0.79108
0.00523831,0.85925
0.005260987,0.90442
0.005283663,0.93121
0.00530634,0.94531
0.005329017,0.9592
0.005351693,0.9729
0.00537437,0.98422
0.005397047,0.98846
0.005419723,0.98694
0.0054424,0.98254
0.005465077,0.9801
0.005487753,0.97925
0.00551043,0.98038
0.005533107,0.97525
0.005555783,0.96536
0.00557846,0.95618
0.005601137,0.94473
0.005623813,0.93292
0.00564649,0.92041
0.005669167,0.90802
0.005691843,0.89474
0.00571452,0.88071
0.005737197,0.86554
0.005759873,0.85025
0.00578255,0.83551
0.005805227,0.82169
0.005827903,0.80826
0.00585058,0.79434
0.005873257,0.77963
0.005895933,0.76456
0.00591861,0.75021
0.005941287,0.73691
0.005963963,0.72437
0.00598664,0.71121
0.006009317,0.69733
0.006031993,0.6828
0.00605467,0.66913
0.006077347,0.65604
0.006100023,0.64392
0.0061227,0.63113
0.006145377,0.61874
0.006168053,0.60666
0.00619073,0.59537
0.006213407,0.57941
0.006236083,0.55014
0.00625876,0.49457
0.006281437,0.40259
0.006304113,0.27115
0.00632679,0.10461
0.006349467,-0.08197
0.006372143,-0.27869
0.00639482,-0.4021
0.006417497,-0.51868
0.006440173,-0.6597
0.00646285,-0.75333
0.006485527,-0.80795
0.006508203,-0.84399
0.00653088,-0.88324
0.006553557,-0.92136
0.006576233,-0.94946
0.00659891,-0.9592
0.006621587,-0.95605
0.006644263,-0.95065
0.00666694,-0.95038
0.006689617,-0.95609
0.006712293,-0.95853
0.00673497,-0.96124
0.006757647,-0.9584
0.006780323,-0.95068
0.006803,-0.92676
0.006825677,-0.89218
0.006848353,-0.86716
0.00687103,-0.83884
0.006893707,-0.79776
0.006916383,-0.73059
0.00693906,-0.63971
0.006961737,-0.53577
0.006984413,-0.43716
0.00700709,-0.35745
0.007029767,-0.30249
0.007052443,-0.26855
0.00707512,-0.24731
0.007097797,-0.22931
0.007120473,-0.20654
0.00714315,-0.17307
0.007165827,-0.12537
0.007188503,-0.06427
0.00721118,0.00482
0.007233857,0.07254
0.007256533,0.13004
0.00727921,0.1731
0.007301887,0.20389
0.007324563,0.22763
0.00734724,0.24786
0.007369917,0.26233
0.007392593,0.26398
0.00741527,0.24554
0.007437947,0.20441
0.007460623,0.14383
0.0074833,0.07059
0.007505977,-0.00882
0.007528653,-0.09055
0.00755133,-0.17166
0.007574007,-0.24915
0.007596683,-0.31894
0.00761936,-0.37894
0.007642037,-0.43085
0.007664713,-0.48004
0.00768739,-0.53186
0.007710067,-0.58722
0.007732743,-0.64157
0.00775542,-0.68793
0.007778097,-0.72186
0.007800773,-0.74426
0.00782345,-0.75989
0.007846127,-0.77292
0.007868803,-0.78369
0.00789148,-0.78918
0.007914157,-0.7869
0.007936833,-0.77795
0.00795951,-0.76666
0.007982187,-0.75723
0.008004863,-0.75034
0.00802754,-0.74295
0.008050217,-0.73132
0.008072893,-0.7146
0.00809557,-0.69516
0.008118247,-0.67603
0.008140923,-0.65756
0.0081636,-0.63699
0.008186277,-0.6113
0.008208953,-0.58099
0.00823163,-0.55054
0.008254307,-0.52521
0.008276983,-0.50632
0.00829966,-0.48959
0.008322337,-0.46796
0.008345013,-0.4368
0.00836769,-0.39786
0.008390367,-0.3577
0.008413043,-0.32321
0.00843572,-0.29675
0.008458397,-0.27567
0.008481073,-0.25519
0.00850375,-0.23285
0.008526427,-0.20917
0.008549103,-0.18646
0.00857178,-0.16571
0.008594457,-0.14523
0.008617133,-0.12265
0.00863981,-0.09705
0.008662487,-0.0697
0.008685163,-0.04263
0.00870784,-0.01627
0.008730517,0.01096
0.008753193,0.04111
0.00877587,0.07388
0.008798547,0.10626
0.008821223,0.13434
0.0088439,0.15604
0.008866577,0.17242
0.008889253,0.18588
0.00891193,0.19788
0.008934607,0.20688
0.008957283,0.21036
0.00897996,0.20706
0.009002637,0.19888
0.009025313,0.18954
0.00904799,0.18198
0.009070667,0.17599
0.009093343,0.16919
0.00911602,0.15964
0.009138697,0.14813
0.009161373,0.1384
0.00918405,0.13315
0.009206727,0.13333
0.009229403,0.13617
0.00925208,0.1391
0.009274757,0.13992
0.009297433,0.14209
0.00932011,0.14758
0.009342787,0.16214
0.009365463,0.18362
0.00938814,0.21646
0.009410817,0.25623
0.009433493,0.31198
0.00945617,0.37793
0.009478847,0.46487
0.009501523,0.55521
0.0095242,0.66168
0.009546877,0.73407
0.009569553,0.76666
0.00959223,0.84131
0.009614907,0.89319
0.009637583,0.92584
0.00966026,0.94101
0.009682937,0.95428
0.009705613,0.96805
0.00972829,0.98096
0.009750967,0.9877
0.009773643,0.98746
0.00979632,0.98322
0.009818997,0.97971
0.009841673,0.97836
0.00986435,0.97961
0.009887027,0.97504
0.009909703,0.96567
0.00993238,0.95694
0.009955057,0.94461
0.009977733,0.93253
0.01000041,0.91989
0.010023087,0.90796
0.010045763,0.89487
0.01006844,0.88074
0.010091117,0.86542
0.010113793,0.85013
0.01013647,0.83542
0.010159147,0.82178
0.010181823,0.80829
0.0102045,0.79428
0.010227177,0.77951
0.010249853,0.76465
0.01027253,0.75052
0.010295207,0.7373
0.010317883,0.72449
0.01034056,0.71118
0.010363237,0.69711
0.010385913,0.68304
0.01040859,0.66959
0.010431267,0.65701
0.010453943,0.64432
0.01047662,0.63129
0.010499297,0.61786
0.010521973,0.60623
0.01054465,0.59552
0.010567327,0.58307
0.010590003,0.55798
0.01061268,0.51028
0.010635357,0.42621
0.010658033,0.30423
0.01068071,0.14346
0.010703387,-0.0397
0.010726063,-0.23862
0.01074874,-0.38458
0.010771417,-0.48871
0.010794093,-0.63242
0.01081677,-0.73843
0.010839447,-0.7984
0.010862123,-0.83725
0.0108848,-0.875
0.010907477,-0.91495
0.010930153,-0.9454
0.01095283,-0.95914
0.010975507,-0.95743
0.010998183,-0.95184
0.01102086,-0.95029
0.011043537,-0.95517
0.011066213,-0.96088
0.01108889,-0.96259
0.011111567,-0.9595
0.011134243,-0.95074
0.01115692,-0.92557
0.011179597,-0.90182
0.011202273,-0.8862
0.01122495,-0.86279
0.011247627,-0.81732
0.011270303,-0.74091
0.01129298,-0.63995
0.011315657,-0.53033
0.011338333,-0.43112
0.01136101,-0.35382
0.011383687,-0.30057
0.011406363,-0.26511
0.01142904,-0.23926
0.011451717,-0.21585
0.011474393,-0.18997
0.01149707,-0.15741
0.011519747,-0.11426
0.011542423,-0.05899
0.0115651,0.00562
0.011587777,0.0723
0.011610453,0.13248
0.01163313,0.18085
0.011655807,0.21744
0.011678483,0.24548
0.01170116,0.26709
0.011723837,0.27969
0.011746513,0.27682
0.01176919,0.25284
0.011791867,0.20639
0.011814543,0.14203
0.01183722,0.06689
0.011859897,-0.01297
0.011882573,-0.09439
0.01190525,-0.17542
0.011927927,-0.25314
0.011950603,-0.32373
0.01197328,-0.38492
0.011995957,-0.43835
0.012018633,-0.48935
0.01204131,-0.54288
0.012063987,-0.59933
0.012086663,-0.65356
0.01210934,-0.69833
0.012132017,-0.72989
0.012154693,-0.75009
0.01217737,-0.76477
0.012200047,-0.7782
0.012222723,-0.78989
0.0122454,-0.79575
0.012268077,-0.79254
0.012290753,-0.78168
0.01231343,-0.76865
0.012336107,-0.7587
0.012358783,-0.75272
0.01238146,-0.74686
0.012404137,-0.73636
0.012426813,-0.71979
0.01244949,-0.70007
0.012472167,-0.68121
0.012494843,-0.66415
0.01251752,-0.64578
0.012540197,-0.6218
0.012562873,-0.59125
0.01258555,-0.55804
0.012608227,-0.52768
0.012630903,-0.5025
0.01265358,-0.47928
0.012676257,-0.45163
0.012698933,-0.41583
0.01272161,-0.37418
0.012744287,-0.33374
0.012766963,-0.30096
0.01278964,-0.27716
0.012812317,-0.25806
0.012834993,-0.23804
0.01285767,-0.21463
0.012880347,-0.19025
0.012903023,-0.16858
0.0129257,-0.15088
0.012948377,-0.13446
0.012971053,-0.11508
0.01299373,-0.09109
0.013016407,-0.06467
0.013039083,-0.03995
0.01306176,-0.01877
0.013084437,0.00085
0.013107113,0.02298
0.01312979,0.04968
0.013152467,0.0788
0.013175143,0.10535
0.01319782,0.12555
0.013220497,0.1398
0.013243173,0.15155
0.01326585,0.16409
0.013288527,0.17685
0.013311203,0.18637
0.01333388,0.189
0.013356557,0.18451
0.013379233,0.17648
0.01340191,0.16922
0.013424587,0.16434
0.013447263,0.16006
0.01346994,0.15332
0.013492617,0.14352
0.013515293,0.13348
0.01353797,0.1272
0.013560647,0.12711
0.013583323,0.1311
0.013606,0.13641
0.013628677,0.13977
0.013651353,0.14398
0.01367403,0.15167
0.013696707,0.16873
0.013719383,0.19373
0.01374206,0.2287
0.013764737,0.26883
0.013787413,0.32047
0.01381009,0.38129
0.013832767,0.46106
0.013855443,0.54837
0.01387812,0.65088
0.013900797,0.7327
0.013923473,0.76431
0.01394615,0.82458
0.013968827,0.88272
0.013991503,0.92157
0.01401418,0.94122
0.014036857,0.95258
0.014059533,0.96371
0.01408221,0.97531
0.014104887,0.98428
0.014127563,0.98679
0.01415024,0.98444
0.014172917,0.98004
0.014195593,0.97766
0.01421827,0.97705
0.014240947,0.97571
0.014263623,0.96613
0.0142863,0.95462
0.014308977,0.94415
0.014331653,0.93335
0.01435433,0.92172
0.014377007,0.90823
0.014399683,0.8938
0.01442236,0.87943
0.014445037,0.86575
0.014467713,0.85202
0.01449039,0.8374
0.014513067,0.82205
0.014535743,0.80704
0.01455842,0.79288
0.014581097,0.77969
0.014603773,0.76654
0.01462645,0.75244
0.014649127,0.73761
0.014671803,0.72284
0.01469448,0.70953
0.014717157,0.6972
0.014739833,0.68542
0.01476251,0.67188
0.014785187,0.65759
0.014807863,0.64209
0.01483054,0.62939
0.014853217,0.61786
0.014875893,0.61011
0.01489857,0.59912
0.014921247,0.58401
0.014943923,0.55289
0.0149666,0.50339
0.014989277,0.42145
0.015011953,0.30844
0.01503463,0.15674
0.015057307,-0.01938
0.015079983,-0.21524
0.01510266,-0.3916
0.015125337,-0.47009
0.015148013,-0.60635
0.01517069,-0.72812
0.015193367,-0.79623
0.015216043,-0.83911
0.01523872,-0.87021
0.015261397,-0.90768
0.015284073,-0.93777
0.01530675,-0.95752
0.015329427,-0.95941
0.015352103,-0.95523
0.01537478,-0.95108
0.015397457,-0.95352
0.015420133,-0.95883
0.01544281,-0.96133
0.015465487,-0.96143
0.015488163,-0.94928
0.01551084,-0.92264
0.015533517,-0.91006
0.015556193,-0.89969
0.01557887,-0.87585
0.015601547,-0.82462
0.015624223,-0.74451
0.0156469,-0.64328
0.015669577,-0.53531
0.015692253,-0.43466
0.01571493,-0.35205
0.015737607,-0.29221
0.015760283,-0.25336
0.01578296,-0.22812
0.015805637,-0.20563
0.015828313,-0.17569
0.01585099,-0.13235
0.015873667,-0.0762
0.015896343,-0.01349
0.01591902,0.04733
0.015941697,0.09979
0.015964373,0.14145
0.01598705,0.17413
0.016009727,0.20129
0.016032403,0.2247
0.01605508,0.24307
0.016077757,0.25201
0.016100433,0.24649
0.01612311,0.2233
0.016145787,0.18234
0.016168463,0.12662
0.01619114,0.06061
0.016213817,-0.01111
0.016236493,-0.08475
0.01625917,-0.15744
0.016281847,-0.22754
0.016304523,-0.29459
0.0163272,-0.35962
0.016349877,-0.42453
0.016372553,-0.49081
0.01639523,-0.55771
0.016417907,-0.62192
0.016440583,-0.67847
0.01646326,-0.72314
0.016485937,-0.75467
0.016508613,-0.77502
0.01653129,-0.78787
0.016553967,-0.79636
0.016576643,-0.80142
0.01659932,-0.80212
0.016621997,-0.79758
0.016644673,-0.7883
0.01666735,-0.7764
0.016690027,-0.76443
0.016712703,-0.75388
0.01673538,-0.74423
0.016758057,-0.73389
0.016780733,-0.72095
0.01680341,-0.70441
0.016826087,-0.68414
0.016848763,-0.66019
0.01687144,-0.63321
0.016894117,-0.60416
0.016916793,-0.57468
0.01693947,-0.54657
0.016962147,-0.52051
0.016984823,-0.49533
0.0170075,-0.46832
0.017030177,-0.43692
0.017052853,-0.40057
0.01707553,-0.36163
0.017098207,-0.32431
0.017120883,-0.29236
0.01714356,-0.26691
0.017166237,-0.24622
0.017188913,-0.22849
0.01721159,-0.21127
0.017234267,-0.19394
0.017256943,-0.17703
0.01727962,-0.16092
0.017302297,-0.14474
0.017324973,-0.12711
0.01734765,-0.10684
0.017370327,-0.08395
0.017393003,-0.05927
0.01741568,-0.03363
0.017438357,-0.00717
0.017461033,0.02042
0.01748371,0.0488
0.017506387,0.07663
0.017529063,0.10193
0.01755174,0.12329
0.017574417,0.14081
0.017597093,0.15567
0.01761977,0.16898
0.017642447,0.18039
0.017665123,0.1882
0.0176878,0.19064
0.017710477,0.18753
0.017733153,0.18063
0.01775583,0.17282
0.017778507,0.16611
0.017801183,0.16077
0.01782386,0.15555
0.017846537,0.14935
0.017869213,0.14264
0.01789189,0.13724
0.017914567,0.13519
0.017937243,0.13718
0.01795992,0.14209
0.017982597,0.14859
0.018005273,0.15588
0.01802795,0.16553
0.018050627,0.1796
0.018073303,0.2012
0.01809598,0.23065
0.018118657,0.26981
0.018141333,0.31738
0.01816401,0.37701
0.018186687,0.44669
0.018209363,0.52994
0.01823204,0.61847
0.018254717,0.71103
0.018277393,0.76416
0.01830007,0.80328
0.018322747,0.86725
0.018345423,0.91028
0.0183681,0.93637
0.018390777,0.94855
0.018413453,0.95969
0.01843613,0.97104
0.018458807,0.98123
0.018481483,0.9859
0.01850416,0.98477
0.018526837,0.98087
0.018549513,0.97733
0.01857219,0.97629
0.018594867,0.9722
0.018617543,0.96426
0.01864022,0.95392
0.018662897,0.94144
0.018685573,0.92944
0.01870825,0.91754
0.018730927,0.90472
0.018753603,0.89032
0.01877628,0.87531
0.018798957,0.86096
0.018821633,0.84735
0.01884431,0.83362
0.018866987,0.81882
0.018889663,0.80322
0.01891234,0.78833
0.018935017,0.77502
0.018957693,0.76279
0.01898037,0.74988
0.019003047,0.73526
0.019025723,0.71957
0.0190484,0.7049
0.019071077,0.6925
0.019093753,0.68195
0.01911643,0.6705
0.019139107,0.6564
0.019161783,0.63974
0.01918446,0.62408
0.019207137,0.61227
0.019229813,0.60532
0.01925249,0.59894
0.019275167,0.58627
0.019297843,0.55893
0.01932052,0.51025
0.019343197,0.43542
0.019365873,0.33075
0.01938855,0.19611
0.019411227,0.0325
0.019433903,-0.1488
0.01945658,-0.3389
0.019479257,-0.45831
0.019501933,-0.55563
0.01952461,-0.68164
0.019547287,-0.77307
0.019569963,-0.8299
0.01959264,-0.86465
0.019615317,-0.89621
0.019637993,-0.92511
0.01966067,-0.94843
0.019683347,-0.95847
0.019706023,-0.95944
0.0197287,-0.95511
0.019751377,-0.95493
0.019774053,-0.95612
0.01979673,-0.96179
0.019819407,-0.95541
0.019842083,-0.92862
0.01986476,-0.91727
0.019887437,-0.91821
0.019910113,-0.9212
0.01993279,-0.90759
0.019955467,-0.86475
0.019978143,-0.78992
0.02000082,-0.6922
0.020023497,-0.58585
0.020046173,-0.48428
0.02006885,-0.39688
0.020091527,-0.3277
0.020114203,-0.27725
0.02013688,-0.24142
0.020159557,-0.21286
0.020182233,-0.18173
0.02020491,-0.13986
0.020227587,-0.08414
0.020250263,-0.01865
0.02027294,0.04834
0.020295617,0.10858
0.020318293,0.15833
0.02034097,0.19876
0.020363647,0.23349
0.020386323,0.26385
0.020409,0.28714
0.020431677,0.29749
0.020454353,0.28918
0.02047703,0.25989
0.020499707,0.21136
0.020522383,0.14786
0.02054506,0.07458
0.020567737,-0.00354
0.020590413,-0.08206
0.02061309,-0.15698
0.020635767,-0.22598
0.020658443,-0.28955
0.02068112,-0.35089
0.020703797,-0.4144
0.020726473,-0.48221
0.02074915,-0.55246
0.020771827,-0.61954
0.020794503,-0.67715
0.02081718,-0.72168
0.020839857,-0.75351
0.020862533,-0.77597
0.02088521,-0.79239
0.020907887,-0.80402
0.020930563,-0.81024
0.02095324,-0.81015
0.020975917,-0.80429
0.020998593,-0.79471
0.02102127,-0.78397
0.021043947,-0.77359
0.021066623,-0.76358
0.0210893,-0.75317
0.021111977,-0.74146
0.021134653,-0.72775
0.02115733,-0.71097
0.021180007,-0.68961
0.021202683,-0.66266
0.02122536,-0.63095
0.021248037,-0.59747
0.021270713,-0.56644
0.02129339,-0.54037
0.021316067,-0.51843
0.021338743,-0.49652
0.02136142,-0.46988
0.021384097,-0.43631
0.021406773,-0.39761
0.02142945,-0.35852
0.021452127,-0.3233
0.021474803,-0.29391
0.02149748,-0.26929
0.021520157,-0.24741
0.021542833,-0.22714
0.02156551,-0.20877
0.021588187,-0.19308
0.021610863,-0.17969
0.02163354,-0.16666
0.021656217,-0.15167
0.021678893,-0.13358
0.02170157,-0.11301
0.021724247,-0.09155
0.021746923,-0.07028
0.0217696,-0.04883
0.021792277,-0.02594
0.021814953,-0.00089
0.02183763,0.02548
0.021860307,0.05142
0.021882983,0.07532
0.02190566,0.09708
0.021928337,0.11755
0.021951013,0.13736
0.02197369,0.15561
0.021996367,0.1701
0.022019043,0.17877
0.02204172,0.18121
0.022064397,0.17935
0.022087073,0.17599
0.02210975,0.173
0.022132427,0.17029
0.022155103,0.16602
0.02217778,0.15894
0.022200457,0.1492
0.022223133,0.13898
0.02224581,0.13095
0.022268487,0.12665
0.022291163,0.12598
0.02231384,0.12799
0.022336517,0.13211
0.022359193,0.13879
0.02238187,0.14963
0.022404547,0.16562
0.022427223,0.18765
0.0224499,0.21527
0.022472577,0.25006
0.022495253,0.29324
0.02251793,0.34912
0.022540607,0.41794
0.022563283,0.50183
0.02258596,0.59381
0.022608637,0.68872
0.022631313,0.74014
0.02265399,0.78638
0.022676667,0.85971
0.022699343,0.90659
0.02272202,0.93127
0.022744697,0.94186
0.022767373,0.95435
0.02279005,0.96954
0.022812727,0.98343
0.022835403,0.98923
0.02285808,0.98685
0.022880757,0.98132
0.022903433,0.97736
0.02292611,0.97769
0.022948787,0.97641
0.022971463,0.96667
0.02299414,0.95483
0.023016817,0.94376
0.023039493,0.93286
0.02306217,0.9213
0.023084847,0.90768
0.023107523,0.89276
0.0231302,0.87796
0.023152877,0.86441
0.023175553,0.85135
0.02319823,0.83743
0.023220907,0.82196
0.023243583,0.80597
0.02326626,0.79123
0.023288937,0.7785
0.023311613,0.7666
0.02333429,0.75363
0.023356967,0.73859
0.023379643,0.72256
0.02340232,0.70776
0.023424997,0.69568
0.023447673,0.68527
0.02347035,0.67404
0.023493027,0.65991
0.023515703,0.64355
0.02353838,0.62747
0.023561057,0.6152
0.023583733,0.60684
0.02360641,0.60046
0.023629087,0.5896
0.023651763,0.56921
0.02367444,0.53098
0.023697117,0.47046
0.023719793,0.37836
0.02374247,0.25369
0.023765147,0.09302
0.023787823,-0.08914
0.0238105,-0.28522
0.023833177,-0.42255
0.023855853,-0.51413
0.02387853,-0.64844
0.023901207,-0.75217
0.023923883,-0.81378
0.02394656,-0.85135
0.023969237,-0.88348
0.023991913,-0.91666
0.02401459,-0.94327
0.024037267,-0.95746
0.024059943,-0.95798
0.02408262,-0.95407
0.024105297,-0.95145
0.024127973,-0.95459
0.02415065,-0.95856
0.024173327,-0.95868
0.024196003,-0.9295
0.02421868,-0.90344
0.024241357,-0.90463
0.024264033,-0.90347
0.02428671,-0.88437
0.024309387,-0.83524
0.024332063,-0.76129
0.02435474,-0.67206
0.024377417,-0.57925
0.024400093,-0.4892
0.02442277,-0.40628
0.024445447,-0.33344
0.024468123,-0.27371
0.0244908,-0.22693
0.024513477,-0.18823
0.024536153,-0.1489
0.02455883,-0.1012
0.024581507,-0.04282
0.024604183,0.02155
0.02462686,0.08359
0.024649537,0.13663
0.024672213,0.1788
0.02469489,0.21249
0.024717567,0.24045
0.024740243,0.26257
0.02476292,0.2757
0.024785597,0.2757
0.024808273,0.26056
0.02483095,0.23077
0.024853627,0.18814
0.024876303,0.1344
0.02489898,0.07062
0.024921657,-0.00046
0.024944333,-0.07401
0.02496701,-0.14395
0.024989687,-0.20667
0.025012363,-0.26346
0.02503504,-0.32047
0.025057717,-0.3844
0.025080393,-0.45743
0.02510307,-0.53534
0.025125747,-0.60965
0.025148423,-0.67255
0.0251711,-0.72083
0.025193777,-0.75653
0.025216453,-0.78329
0.02523913,-0.8035
0.025261807,-0.81708
0.025284483,-0.82303
0.02530716,-0.82184
0.025329837,-0.81589
0.025352513,-0.80811
0.02537519,-0.79987
0.025397867,-0.79068
0.025420543,-0.77936
0.02544322,-0.76584
0.025465897,-0.75159
0.025488573,-0.73752
0.02551125,-0.72266
0.025533927,-0.70404
0.025556603,-0.67917
0.02557928,-0.6485
0.025601957,-0.61609
0.025624633,-0.58673
0.02564731,-0.56256
0.025669987,-0.54111
0.025692663,-0.51691
0.02571534,-0.48578
0.025738017,-0.44724
0.025760693,-0.40518
0.02578337,-0.36456
0.025806047,-0.32846
0.025828723,-0.29718
0.0258514,-0.2695
0.025874077,-0.24487
0.025896753,-0.22406
0.02591943,-0.20773
0.025942107,-0.19485
0.025964783,-0.18237
0.02598746,-0.1673
0.026010137,-0.1485
0.026032813,-0.12756
0.02605549,-0.1073
0.026078167,-0.08908
0.026100843,-0.07187
0.02612352,-0.05347
0.026146197,-0.03247
0.026168873,-0.00964
0.02619155,0.01273
0.026214227,0.03271
0.026236903,0.0506
0.02625958,0.06805
0.026282257,0.08643
0.026304933,0.10522
0.02632761,0.12219
0.026350287,0.13513
0.026372963,0.14346
0.02639564,0.1485
0.026418317,0.15195
0.026440993,0.15454
0.02646367,0.15555
0.026486347,0.15381
0.026509023,0.14911
0.0265317,0.14267
0.026554377,0.1366
0.026577053,0.13217
0.02659973,0.12997
0.026622407,0.12964
0.026645083,0.13141
0.02666776,0.1355
0.026690437,0.14301
0.026713113,0.15363
0.02673579,0.16776
0.026758467,0.18451
0.026781143,0.20587
0.02680382,0.23227
0.026826497,0.26733
0.026849173,0.31021
0.02687185,0.3634
0.026894527,0.42392
0.026917203,0.49524
0.02693988,0.57211
0.026962557,0.65979
0.026985233,0.73764
0.02700791,0.7789
0.027030587,0.83414
0.027053263,0.88861
0.02707594,0.9212
0.027098617,0.93774
0.027121293,0.94885
0.02714397,0.96185
0.027166647,0.97485
0.027189323,0.98334
0.027212,0.9845
0.027234677,0.98065
0.027257353,0.97659
0.02728003,0.97366
0.027302707,0.96939
0.027325383,0.96494
0.02734806,0.95578
0.027370737,0.9425
0.027393413,0.92865
0.02741609,0.91653
0.027438767,0.90509
0.027461443,0.89227
0.02748412,0.87735
0.027506797,0.86166
0.027529473,0.84702
0.02755215,0.83377
0.027574827,0.82065
0.027597503,0.80621
0.02762018,0.79071
0.027642857,0.77576
0.027665533,0.76251
0.02768821,0.75061
0.027710887,0.73813
0.027733563,0.72385
0.02775624,0.7081
0.027778917,0.69345
0.027801593,0.68118
0.02782427,0.67108
0.027846947,0.65964
0.027869623,0.64612
0.0278923,0.62863
0.027914977,0.61319
0.027937653,0.6008
0.02796033,0.5957
0.027983007,0.5892
0.028005683,0.577
0.02802836,0.54379
0.028051037,0.48709
0.028073713,0.39563
0.02809639,0.27518
0.028119067,0.12109
0.028141743,-0.05161
0.02816442,-0.23956
0.028187097,-0.41852
0.028209773,-0.49936
0.02823245,-0.62164
0.028255127,-0.7337
0.028277803,-0.80191
0.02830048,-0.84833
0.028323157,-0.88025
0.028345833,-0.91379
0.02836851,-0.93805
0.028391187,-0.95465
0.028413863,-0.95682
0.02843654,-0.95557
0.028459217,-0.95258
0.028481893,-0.95508
0.02850457,-0.95746
0.028527247,-0.96027
0.028549923,-0.95523
0.0285726,-0.93518
0.028595277,-0.92206
0.028617953,-0.91669
0.02864063,-0.8956
0.028663307,-0.84888
0.028685983,-0.77499
0.02870866,-0.68585
0.028731337,-0.59439
0.028754013,-0.51077
0.02877669,-0.43729
0.028799367,-0.3728
0.028822043,-0.315
0.02884472,-0.26257
0.028867397,-0.21301
0.028890073,-0.1622
0.02891275,-0.10492
0.028935427,-0.03903
0.028958103,0.03281
0.02898078,0.10345
0.029003457,0.16525
0.029026133,0.21448
0.02904881,0.25226
0.029071487,0.28226
0.029094163,0.30603
0.02911684,0.32089
0.029139517,0.32147
0.029162193,0.30298
0.02918487,0.26462
0.029207547,0.20956
0.029230223,0.14328
0.0292529,0.07065
0.029275577,-0.0043
0.029298253,-0.07822
0.02932093,-0.14807
0.029343607,-0.2121
0.029366283,-0.27139
0.02938896,-0.33017
0.029411637,-0.39352
0.029434313,-0.46371
0.02945699,-0.53809
0.029479667,-0.60995
0.029502343,-0.67224
0.02952502,-0.72119
0.029547697,-0.75754
0.029570373,-0.78445
0.02959305,-0.8046
0.029615727,-0.81854
0.029638403,-0.82544
0.02966108,-0.82538
0.029683757,-0.81995
0.029706433,-0.81183
0.02972911,-0.8028
0.029751787,-0.793
0.029774463,-0.78186
0.02979714,-0.76935
0.029819817,-0.75641
0.029842493,-0.74356
0.02986517,-0.72961
0.029887847,-0.71161
0.029910523,-0.68652
0.0299332,-0.65454
0.029955877,-0.61932
0.029978553,-0.58597
0.03000123,-0.55789
0.030023907,-0.53372
0.030046583,-0.50897
0.03006926,-0.47931
0.030091937,-0.44363
0.030114613,-0.40485
0.03013729,-0.36725
0.030159967,-0.33368
0.030182643,-0.30414
0.03020532,-0.27692
0.030227997,-0.25064
0.030250673,-0.22565
0.03027335,-0.20316
0.030296027,-0.18344
0.030318703,-0.16556
0.03034138,-0.1478
0.030364057,-0.12967
0.030386733,-0.11203
0.03040941,-0.09625
0.030432087,-0.08255
0.030454763,-0.06915
0.03047744,-0.0535
0.030500117,-0.03378
0.030522793,-0.01157
0.03054547,0.01108
0.030568147,0.0322
0.030590823,0.05106
0.0306135,0.06854
0.030636177,0.08542
0.030658853,0.10162
0.03068153,0.11627
0.030704207,0.12857
0.030726883,0.1387
0.03074956,0.14764
0.030772237,0.15594
0.030794913,0.16309
0.03081759,0.16766
0.030840267,0.16855
0.030862943,0.16599
0.03088562,0.16147
0.030908297,0.15628
0.030930973,0.15118
0.03095365,0.14621
0.030976327,0.14185
0.030999003,0.13916
0.03102168,0.13989
0.031044357,0.14426
0.031067033,0.1517
0.03108971,0.15997
0.031112387,0.16983
0.031135063,0.1821
0.03115774,0.20261
0.031180417,0.23251
0.031203093,0.27609
0.03122577,0.3284
0.031248447,0.39236
0.031271123,0.46045
0.0312938,0.54053
0.031316477,0.62082
0.031339153,0.71317
0.03136183,0.77298
0.031384507,0.80664
0.031407183,0.86935
0.03142986,0.91006
0.031452537,0.9357
0.031475213,0.94745
0.03149789,0.9584
0.031520567,0.96945
0.031543243,0.97906
0.03156592,0.98376
0.031588597,0.98203
0.031611273,0.97906
0.03163395,0.97223
0.031656627,0.96609
0.031679303,0.96432
0.03170198,0.95535
0.031724657,0.94168
0.031747333,0.92691
0.03177001,0.9147
0.031792687,0.90369
0.031815363,0.89117
0.03183804,0.87592
0.031860717,0.85959
0.031883393,0.8447
0.03190607,0.83197
0.031928747,0.81958
0.031951423,0.80539
0.0319741,0.78931
0.031996777,0.77347
0.032019453,0.76004
0.03204213,0.74875
0.032064807,0.73727
0.032087483,0.72336
0.03211016,0.707
0.032132837,0.69125
0.032155513,0.67856
0.03217819,0.6691
0.032200867,0.65939
0.032223543,0.6463
0.03224622,0.62912
0.032268897,0.61185
0.032291573,0.59888
0.03231425,0.59247
0.032336927,0.58847
0.032359603,0.57907
0.03238228,0.55426
0.032404957,0.50662
0.032427633,0.43118
0.03245031,0.32495
0.032472987,0.18811
0.032495663,0.02295
0.03251834,-0.15918
0.032541017,-0.34723
0.032563693,-0.46695
0.03258637,-0.5647
0.032609047,-0.68665
0.032631723,-0.77533
0.0326544,-0.83218
0.032677077,-0.86847
0.032699753,-0.90036
0.03272243,-0.92807
0.032745107,-0.94907
0.032767783,-0.95819
0.03279046,-0.95889
0.032813137,-0.9559
0.032835813,-0.95578
0.03285849,-0.9574
0.032881167,-0.9613
0.032903843,-0.95657
0.03292652,-0.93066
0.032949197,-0.91617
0.032971873,-0.91425
0.03299455,-0.90234
0.033017227,-0.86707
0.033039903,-0.80487
0.03306258,-0.72479
0.033085257,-0.63879
0.033107933,-0.55627
0.03313061,-0.47922
0.033153287,-0.40726
0.033175963,-0.33911
0.03319864,-0.27527
0.033221317,-0.21594
0.033243993,-0.15845
0.03326667,-0.09787
0.033289347,-0.03079
0.033312023,0.04153
0.0333347,0.11307
0.033357377,0.17679
0.033380053,0.22867
0.03340273,0.26935
0.033425407,0.30093
0.033448083,0.32352
0.03347076,0.33331
0.033493437,0.32483
0.033516113,0.29547
0.03353879,0.24762
0.033561467,0.1879
0.033584143,0.12314
0.03360682,0.0575
0.033629497,-0.00772
0.033652173,-0.07236
0.03367485,-0.13535
0.033697527,-0.19513
0.033720203,-0.2522
0.03374288,-0.30984
0.033765557,-0.37268
0.033788233,-0.44339
0.03381091,-0.51947
0.033833587,-0.59412
0.033856263,-0.65982
0.03387894,-0.71237
0.033901617,-0.75214
0.033924293,-0.78226
0.03394697,-0.80524
0.033969647,-0.82138
0.033992323,-0.82971
0.034015,-0.83035
0.034037677,-0.82535
0.034060353,-0.81772
0.03408303,-0.80933
0.034105707,-0.80014
0.034128383,-0.78906
0.03415106,-0.77594
0.034173737,-0.76236
0.034196413,-0.74976
0.03421909,-0.73761
0.034241767,-0.72293
0.034264443,-0.70218
0.03428712,-0.67432
0.034309797,-0.64191
0.034332473,-0.60931
0.03435515,-0.57956
0.034377827,-0.5517
0.034400503,-0.52194
0.03442318,-0.487
0.034445857,-0.44675
0.034468533,-0.40445
0.03449121,-0.36456
0.034513887,-0.32922
0.034536563,-0.29791
0.03455924,-0.26877
0.034581917,-0.24103
0.034604593,-0.21564
0.03462727,-0.19385
0.034649947,-0.17545
0.034672623,-0.15829
0.0346953,-0.13995
0.034717977,-0.11978
0.034740653,-0.09985
0.03476333,-0.08295
0.034786007,-0.07053
0.034808683,-0.06094
0.03483136,-0.05106
0.034854037,-0.03842
0.034876713,-0.02301
0.03489939,-0.00668
0.034922067,0.00867
0.034944743,0.02274
0.03496742,0.03662
0.034990097,0.05142
0.035012773,0.06674
0.03503545,0.08142
0.035058127,0.09412
0.035080803,0.10516
0.03510348,0.11566
0.035126157,0.12656
0.035148833,0.13727
0.03517151,0.14618
0.035194187,0.15173
0.035216863,0.15384
0.03523954,0.15359
0.035262217,0.15228
0.035284893,0.15051
0.03530757,0.14795
0.035330247,0.14496
0.035352923,0.14264
0.0353756,0.14291
0.035398277,0.14636
0.035420953,0.15237
0.03544363,0.15872
0.035466307,0.16501
0.035488983,0.17273
0.03551166,0.18686
0.035534337,0.21124
0.035557013,0.24918
0.03557969,0.29855
0.035602367,0.35873
0.035625043,0.4256
0.03564772,0.50104
0.035670397,0.58118
0.035693073,0.66953
0.03571575,0.7478
0.035738427,0.79102
0.035761103,0.84155
0.03578378,0.89267
0.035806457,0.92514
0.035829133,0.94339
0.03585181,0.95486
0.035874487,0.96588
0.035897163,0.9762
0.03591984,0.98276
0.035942517,0.98434
0.035965193,0.98126
0.03598787,0.97852
0.036010547,0.97202
0.036033223,0.96524
0.0360559,0.96164
0.036078577,0.95166
0.036101253,0.93857
0.03612393,0.92419
0.036146607,0.91159
0.036169283,0.89923
0.03619196,0.88617
0.036214637,0.87149
0.036237313,0.85651
0.03625999,0.84195
0.036282667,0.82816
0.036305343,0.81421
0.03632802,0.79965
0.036350697,0.78497
0.036373373,0.77103
0.03639605,0.75803
0.036418727,0.74527
0.036441403,0.73154
0.03646408,0.71683
0.036486757,0.70218
0.036509433,0.68924
0.03653211,0.67764
0.036554787,0.6666
0.036577463,0.65332
0.03660014,0.63852
0.036622817,0.62241
0.036645493,0.60977
0.03666817,0.59988
0.036690847,0.59402
0.036713523,0.58374
0.0367362,0.56537
0.036758877,0.52609
0.036781553,0.46399
0.03680423,0.36752
0.036826907,0.2424
0.036849583,0.08377
0.03687226,-0.08994
0.036894937,-0.27728
0.036917613,-0.43701
0.03694029,-0.5177
0.036962967,-0.64557
0.036985643,-0.75067
0.03700832,-0.81378
0.037030997,-0.85416
0.037053673,-0.88513
0.03707635,-0.91721
0.037099027,-0.94208
0.037121703,-0.95657
0.03714438,-0.95828
0.037167057,-0.95483
0.037189733,-0.95306
0.03721241,-0.95419
0.037235087,-0.95963
0.037257763,-0.95425
0.03728044,-0.93893
0.037303117,-0.9371
0.037325793,-0.92569
0.03734847,-0.90302
0.037371147,-0.86423
0.037393823,-0.81339
0.0374165,-0.75211
0.037439177,-0.68393
0.037461853,-0.60992
0.03748453,-0.53232
0.037507207,-0.45401
0.037529883,-0.37869
0.03755256,-0.30856
0.037575237,-0.24252
0.037597913,-0.17661
0.03762059,-0.10583
0.037643267,-0.02823
0.037665943,0.05377
0.03768862,0.13397
0.037711297,0.20602
0.037733973,0.26553
0.03775665,0.31119
0.037779327,0.34296
0.037802003,0.36035
0.03782468,0.36194
0.037847357,0.34647
0.037870033,0.31454
0.03789271,0.26886
0.037915387,0.21292
0.037938063,0.14996
0.03796074,0.08255
0.037983417,0.01315
0.038006093,-0.05484
0.03802877,-0.11847
0.038051447,-0.17709
0.038074123,-0.23352
0.0380968,-0.2934
0.038119477,-0.36151
0.038142153,-0.43842
0.03816483,-0.51959
0.038187507,-0.59723
0.038210183,-0.66467
0.03823286,-0.71915
0.038255537,-0.76141
0.038278213,-0.79364
0.03830089,-0.8172
0.038323567,-0.83215
0.038346243,-0.83875
0.03836892,-0.83856
0.038391597,-0.83417
0.038414273,-0.828
0.03843695,-0.8204
0.038459627,-0.81055
0.038482303,-0.79788
0.03850498,-0.78336
0.038527657,-0.76971
0.038550333,-0.75775
0.03857301,-0.74582
0.038595687,-0.73001
0.038618363,-0.70673
0.03864104,-0.67551
0.038663717,-0.63953
0.038686393,-0.60367
0.03870907,-0.57089
0.038731747,-0.54065
0.038754423,-0.50974
0.0387771,-0.47519
0.038799777,-0.43677
0.038822453,-0.39679
0.03884513,-0.35825
0.038867807,-0.32318
0.038890483,-0.29163
0.03891316,-0.26297
0.038935837,-0.23703
0.038958513,-0.21439
0.03898119,-0.19507
0.039003867,-0.1781
0.039026543,-0.16147
0.03904922,-0.14374
0.039071897,-0.12509
0.039094573,-0.10715
0.03911725,-0.09158
0.039139927,-0.07843
0.039162603,-0.06641
0.03918528,-0.05368
0.039207957,-0.03986
0.039230633,-0.02579
0.03925331,-0.01285
0.039275987,-0.00122
0.039298663,0.0101
0.03932134,0.02286
0.039344017,0.0376
0.039366693,0.05325
0.03938937,0.06799
0.039412047,0.08066
0.039434723,0.09149
0.0394574,0.10135
0.039480077,0.11087
0.039502753,0.1196
0.03952543,0.12637
0.039548107,0.13052
0.039570783,0.13223
0.03959346,0.13248
0.039616137,0.13196
0.039638813,0.1308
0.03966149,0.12906
0.039684167,0.12753
0.039706843,0.12756
0.03972952,0.13031
0.039752197,0.13583
0.039774873,0.14261
0.03979755,0.14944
0.039820227,0.15652
0.039842903,0.16699
0.03986558,0.18439
0.039888257,0.21255
0.039910933,0.25089
0.03993361,0.29971
0.039956287,0.35495
0.039978963,0.41904
0.04000164,0.48837
0.040024317,0.5679
0.040046993,0.64822
0.04006967,0.7334
0.040092347,0.78433
0.040115023,0.82211
0.0401377,0.88138
0.040160377,0.91809
0.040183053,0.94
0.04020573,0.94962
0.040228407,0.95993
0.040251083,0.97055
0.04027376,0.97986
0.040296437,0.98346
0.040319113,0.98145
0.04034179,0.97751
0.040364467,0.97137
0.040387143,0.96466
0.04040982,0.95819
0.040432497,0.94778
0.040455173,0.9357
0.04047785,0.92307
0.040500527,0.91043
0.040523203,0.89682
0.04054588,0.88211
0.040568557,0.86731
0.040591233,0.85345
0.04061391,0.84045
0.040636587,0.82709
0.040659263,0.81226
0.04068194,0.79645
0.040704617,0.78134
0.040727293,0.76834
0.04074997,0.7569
0.040772647,0.74493
0.040795323,0.73068
0.040818,0.71475
0.040840677,0.69931
0.040863353,0.68683
0.04088603,0.67673
0.040908707,0.66687
0.040931383,0.65384
0.04095406,0.63794
0.040976737,0.62088
0.040999413,0.60757
0.04102209,0.59863
0.041044767,0.59375
0.041067443,0.58557
0.04109012,0.5694
0.041112797,0.53601
0.041135473,0.48184
0.04115815,0.39838
0.041180827,0.28534
0.041203503,0.1405
0.04122618,-0.02737
0.041248857,-0.20914
0.041271533,-0.38672
0.04129421,-0.48618
0.041316887,-0.59354
0.041339563,-0.71271
0.04136224,-0.79318
0.041384917,-0.8429
0.041407593,-0.87427
0.04143027,-0.90457
0.041452947,-0.93127
0.041475623,-0.95145
0.0414983,-0.9588
0.041520977,-0.95801
0.041543653,-0.95435
0.04156633,-0.95395
0.041589007,-0.95685
0.041611683,-0.95755
0.04163436,-0.94113
0.041657037,-0.9278
0.041679713,-0.92017
0.04170239,-0.90057
0.041725067,-0.86508
0.041747743,-0.81421
0.04177042,-0.75439
0.041793097,-0.68991
0.041815773,-0.62268
0.04183845,-0.55106
0.041861127,-0.47473
0.041883803,-0.39545
0.04190648,-0.31689
0.041929157,-0.24115
0.041951833,-0.16711
0.04197451,-0.09131
0.041997187,-0.01129
0.042019863,0.07181
0.04204254,0.15292
0.042065217,0.22604
0.042087893,0.2869
0.04211057,0.33392
0.042133247,0.36649
0.042155923,0.38263
0.0421786,0.37924
0.042201277,0.3541
0.042223953,0.30865
0.04224663,0.2485
0.042269307,0.18134
0.042291983,0.11319
0.04231466,0.04675
0.042337337,-0.01804
0.042360013,-0.08127
0.04238269,-0.142
0.042405367,-0.19907
0.042428043,-0.25336
0.04245072,-0.30869
0.042473397,-0.36981
0.042496073,-0.439
0.04251875,-0.51352
0.042541427,-0.58713
0.042564103,-0.65292
0.04258678,-0.70737
0.042609457,-0.75064
0.042632133,-0.78479
0.04265481,-0.81097
0.042677487,-0.82867
0.042700163,-0.83713
0.04272284,-0.83746
0.042745517,-0.83276
0.042768193,-0.8266
0.04279087,-0.82025
0.042813547,-0.81253
0.042836223,-0.80145
0.0428589,-0.7868
0.042881577,-0.77112
0.042904253,-0.75742
0.04292693,-0.74655
0.042949607,-0.73569
0.042972283,-0.72006
0.04299496,-0.69623
0.043017637,-0.66443
0.043040313,-0.62851
0.04306299,-0.59232
0.043085667,-0.55737
0.043108343,-0.52243
0.04313102,-0.48529
0.043153697,-0.44528
0.043176373,-0.40433
0.04319905,-0.36484
0.043221727,-0.32843
0.043244403,-0.29449
0.04326708,-0.26221
0.043289757,-0.23172
0.043312433,-0.20471
0.04333511,-0.18311
0.043357787,-0.16714
0.043380463,-0.15457
0.04340314,-0.1424
0.043425817,-0.12875
0.043448493,-0.11414
0.04347117,-0.10046
0.043493847,-0.08887
0.043516523,-0.07861
0.0435392,-0.06772
0.043561877,-0.05457
0.043584553,-0.03949
0.04360723,-0.02429
0.043629907,-0.01047
0.043652583,0.00198
0.04367526,0.01456
0.043697937,0.02847
0.043720613,0.04358
0.04374329,0.0582
0.043765967,0.07071
0.043788643,0.0809
0.04381132,0.09027
0.043833997,0.1008
0.043856673,0.11237
0.04387935,0.12405
0.043902027,0.13412
0.043924703,0.14145
0.04394738,0.1463
0.043970057,0.14984
0.043992733,0.15289
0.04401541,0.1553
0.044038087,0.15668
0.044060763,0.15668
0.04408344,0.15576
0.044106117,0.1546
0.044128793,0.15335
0.04415147,0.15216
0.044174147,0.15146
0.044196823,0.15396
0.0442195,0.16293
0.044242177,0.18274
0.044264853,0.21463
0.04428753,0.25922
0.044310207,0.31314
0.044332883,0.37613
0.04435556,0.44525
0.044378237,0.52261
0.044400913,0.60318
0.04442359,0.68893
0.044446267,0.76123
0.044468943,0.80408
0.04449162,0.85437
0.044514297,0.90109
0.044536973,0.9299
0.04455965,0.94611
0.044582327,0.95682
0.044605003,0.96768
0.04462768,0.97705
0.044650357,0.98294
0.044673033,0.98303
0.04469571,0.98062
0.044718387,0.97559
0.044741063,0.96927
0.04476374,0.9639
0.044786417,0.9552
0.044809093,0.94321
0.04483177,0.93002
0.044854447,0.91742
0.044877123,0.90491
0.0448998,0.89145
0.044922477,0.87668
0.044945153,0.8616
0.04496783,0.84729
0.044990507,0.83389
0.045013183,0.82031
0.04503586,0.80576
0.045058537,0.79044
0.045081213,0.7757
0.04510389,0.76245
0.045126567,0.75031
0.045149243,0.73782
0.04517192,0.72363
0.045194597,0.70837
0.045217273,0.69357
0.04523995,0.68115
0.045262627,0.67038
0.045285303,0.65979
0.04530798,0.64624
0.045330657,0.6308
0.045353333,0.61429
0.04537601,0.60211
0.045398687,0.59335
0.045421363,0.58868
0.04544404,0.5773
0.045466717,0.55475
0.045489393,0.50687
0.04551207,0.43393
0.045534747,0.3262
0.045557423,0.19403
0.0455801,0.03308
0.045602777,-0.13608
0.045625453,-0.31696
0.04564813,-0.47318
0.045670807,-0.54898
0.045693483,-0.66748
0.04571616,-0.76437
0.045738837,-0.82596
0.045761513,-0.86603
0.04578419,-0.89487
0.045806867,-0.92267
0.045829543,-0.94284
0.04585222,-0.95578
0.045874897,-0.95737
0.045897573,-0.95633
0.04592025,-0.95386
0.045942927,-0.95596
0.045965603,-0.9574
0.04598828,-0.95779
0.046010957,-0.93695
0.046033633,-0.90753
0.04605631,-0.88196
0.046078987,-0.85086
0.046101663,-0.81448
0.04612434,-0.76987
0.046147017,-0.71783
0.046169693,-0.65848
0.04619237,-0.59363
0.046215047,-0.52402
0.046237723,-0.45059
0.0462604,-0.3732
0.046283077,-0.29193
0.046305753,-0.20685
0.04632843,-0.11841
0.046351107,-0.02811
0.046373783,0.06219
0.04639646,0.14963
0.046419137,0.23096
0.046441813,0.30219
0.04646449,0.35913
0.046487167,0.39755
0.046509843,0.41428
0.04653252,0.40808
0.046555197,0.37994
0.046577873,0.3338
0.04660055,0.27563
0.046623227,0.21207
0.046645903,0.1488
0.04666858,0.08951
0.046691257,0.03513
0.046713933,-0.01587
0.04673661,-0.06662
0.046759287,-0.12131
0.046781963,-0.1832
0.04680464,-0.25403
0.046827317,-0.33307
0.046849993,-0.41727
0.04687267,-0.50211
0.046895347,-0.58292
0.046918023,-0.65564
0.0469407,-0.71747
0.046963377,-0.76697
0.046986053,-0.80362
0.04700873,-0.82825
0.047031407,-0.84277
0.047054083,-0.84976
0.04707676,-0.85159
0.047099437,-0.84988
0.047122113,-0.84467
0.04714479,-0.83591
0.047167467,-0.82382
0.047190143,-0.80994
0.04721282,-0.7963
0.047235497,-0.78433
0.047258173,-0.77383
0.04728085,-0.76279
0.047303527,-0.74878
0.047326203,-0.73007
0.04734888,-0.7063
0.047371557,-0.67819
0.047394233,-0.64639
0.04741691,-0.61093
0.047439587,-0.57208
0.047462263,-0.53061
0.04748494,-0.48831
0.047507617,-0.44708
0.047530293,-0.40775
0.04755297,-0.36978
0.047575647,-0.33206
0.047598323,-0.29443
0.047621,-0.25851
0.047643677,-0.22687
0.047666353,-0.20129
0.04768903,-0.18167
0.047711707,-0.16583
0.047734383,-0.15161
0.04775706,-0.13818
0.047779737,-0.12653
0.047802413,-0.11795
0.04782509,-0.11215
0.047847767,-0.10715
0.047870443,-0.09991
0.04789312,-0.08887
0.047915797,-0.07465
0.047938473,-0.05957
0.04796115,-0.04553
0.047983827,-0.03271
0.048006503,-0.01984
0.04802918,-0.00577
0.048051857,0.00922
0.048074533,0.02325
0.04809721,0.03494
0.048119887,0.04419
0.048142563,0.05276
0.04816524,0.06247
0.048187917,0.07394
0.048210593,0.08585
0.04823327,0.09653
0.048255947,0.10507
0.048278623,0.11218
0.0483013,0.11926
0.048323977,0.12698
0.048346653,0.13464
0.04836933,0.14099
0.048392007,0.14542
0.048414683,0.1485
0.04843736,0.15155
0.048460037,0.15491
0.048482713,0.15784
0.04850539,0.15891
0.048528067,0.15863
0.048550743,0.15967
0.04857342,0.16699
0.048596097,0.18442
0.048618773,0.21408
0.04864145,0.25433
0.048664127,0.30313
0.048686803,0.35791
0.04870948,0.41895
0.048732157,0.48566
0.048754833,0.55881
0.04877751,0.63461
0.048800187,0.71289
0.048822863,0.77927
0.04884554,0.81516
0.048868217,0.85999
0.048890893,0.90817
0.04891357,0.93643
0.048936247,0.95044
0.048958923,0.957
0.0489816,0.96555
0.049004277,0.97458
0.049026953,0.98215
0.04904963,0.98309
0.049072307,0.98093
0.049094983,0.97324
0.04911766,0.96353
0.049140337,0.95743
0.049163013,0.94958
0.04918569,0.9393
0.049208367,0.92627
0.049231043,0.91208
0.04925372,0.89767
0.049276397,0.88367
0.049299073,0.87015
0.04932175,0.85681
0.049344427,0.84302
0.049367103,0.82852
0.04938978,0.81342
0.049412457,0.79837
0.049435133,0.78433
0.04945781,0.77148
0.049480487,0.75912
0.049503163,0.74594
0.04952584,0.73145
0.049548517,0.71646
0.049571193,0.70218
0.04959387,0.68991
0.049616547,0.67886
0.049639223,0.66769
0.0496619,0.65408
0.049684577,0.63901
0.049707253,0.62314
0.04972993,0.61053
0.049752607,0.60095
0.049775283,0.59509
0.04979796,0.58588
0.049820637,0.56912
0.049843313,0.53329
0.04986599,0.47485
0.049888667,0.38446
0.049911343,0.26517
0.04993402,0.11462
0.049956697,-0.05334
0.049979373,-0.23532
0.05000205,-0.40732
0.050024727,-0.50095
0.050047403,-0.61414
0.05007008,-0.72696
0.050092757,-0.80063
0.050115433,-0.84702
0.05013811,-0.87811
0.050160787,-0.909
0.050183463,-0.93427
0.05020614,-0.95245
0.050228817,-0.95706
0.050251493,-0.95624
0.05027417,-0.95227
0.050296847,-0.95398
0.050319523,-0.9552
0.0503422,-0.95993
0.050364877,-0.94897
0.050387553,-0.9241
0.05041023,-0.90106
0.050432907,-0.86893
0.050455583,-0.83124
0.05047826,-0.78537
0.050500937,-0.73239
0.050523613,-0.67044
0.05054629,-0.60065
0.050568967,-0.52402
0.050591643,-0.44379
0.05061432,-0.3624
0.050636997,-0.28183
0.050659673,-0.20233
0.05068235,-0.12302
0.050705027,-0.04279
0.050727703,0.03897
0.05075038,0.12115
0.050773057,0.20111
0.050795733,0.27426
0.05081841,0.33502
0.050841087,0.37756
0.050863763,0.39752
0.05088644,0.39343
0.050909117,0.36765
0.050931793,0.32547
0.05095447,0.27347
0.050977147,0.21719
0.050999823,0.15982
0.0510225,0.10226
0.051045177,0.04434
0.051067853,-0.01413
0.05109053,-0.07291
0.051113207,-0.13205
0.051135883,-0.19247
0.05115856,-0.2558
0.051181237,-0.32379
0.051203913,-0.39682
0.05122659,-0.47333
0.051249267,-0.55011
0.051271943,-0.62292
0.05129462,-0.68799
0.051317297,-0.74219
0.051339973,-0.78394
0.05136265,-0.8132
0.051385327,-0.83145
0.051408003,-0.84128
0.05143068,-0.84558
0.051453357,-0.84607
0.051476033,-0.84348
0.05149871,-0.83719
0.051521387,-0.827
0.051544063,-0.81375
0.05156674,-0.79962
0.051589417,-0.78677
0.051612093,-0.77609
0.05163477,-0.7662
0.051657447,-0.75412
0.051680123,-0.73676
0.0517028,-0.71225
0.051725477,-0.68076
0.051748153,-0.64386
0.05177083,-0.60379
0.051793507,-0.5625
0.051816183,-0.52139
0.05183886,-0.48096
0.051861537,-0.44174
0.051884213,-0.40265
0.05190689,-0.36282
0.051929567,-0.32208
0.051952243,-0.28159
0.05197492,-0.24374
0.051997597,-0.21118
0.052020273,-0.18576
0.05204295,-0.16745
0.052065627,-0.15469
0.052088303,-0.14551
0.05211098,-0.13834
0.052133657,-0.13257
0.052156333,-0.12772
0.05217901,-0.12274
0.052201687,-0.11612
0.052224363,-0.10675
0.05224704,-0.09479
0.052269717,-0.08176
0.052292393,-0.06955
0.05231507,-0.05923
0.052337747,-0.05042
0.052360423,-0.04175
0.0523831,-0.03201
0.052405777,-0.02112
0.052428453,-0.00955
0.05245113,0.00211
0.052473807,0.0141
0.052496483,0.02704
0.05251916,0.04129
0.052541837,0.05627
0.052564513,0.07092
0.05258719,0.08429
0.052609867,0.0965
0.052632543,0.10812
0.05265522,0.11972
0.052677897,0.13083
0.052700573,0.1402
0.05272325,0.14688
0.052745927,0.15121
0.052768603,0.15436
0.05279128,0.15756
0.052813957,0.16064
0.052836633,0.16245
0.05285931,0.16174
0.052881987,0.1593
0.052904663,0.15808
0.05292734,0.16214
0.052950017,0.17477
0.052972693,0.19711
0.05299537,0.22827
0.053018047,0.26718
0.053040723,0.31384
0.0530634,0.36908
0.053086077,0.43442
0.053108753,0.50797
0.05313143,0.58786
0.053154107,0.66818
0.053176783,0.74347
0.05319946,0.79004
0.053222137,0.83902
0.053244813,0.89316
0.05326749,0.92322
0.053290167,0.9397
0.053312843,0.94931
0.05333552,0.96158
0.053358197,0.97348
0.053380873,0.9816
0.05340355,0.98267
0.053426227,0.97882
0.053448903,0.97491
0.05347158,0.96912
0.053494257,0.96027
0.053516933,0.95129
0.05353961,0.94061
0.053562287,0.92947
0.053584963,0.91669
0.05360764,0.90256
0.053630317,0.88736
0.053652993,0.87271
0.05367567,0.85919
0.053698347,0.84644
0.053721023,0.83301
0.0537437,0.81812
0.053766377,0.80219
0.053789053,0.78696
0.05381173,0.77362
0.053834407,0.76193
0.053857083,0.75
0.05387976,0.73627
0.053902437,0.72067
0.053925113,0.70514
0.05394779,0.69165
0.053970467,0.68094
0.053993143,0.67084
0.05401582,0.65918
0.054038497,0.64386
0.054061173,0.62744
0.05408385,0.61209
0.054106527,0.60236
0.054129203,0.59583
0.05415188,0.59033
0.054174557,0.57474
0.054197233,0.54446
0.05421991,0.48807
0.054242587,0.40729
0.054265263,0.29504
0.05428794,0.16147
0.054310617,0.00302
0.054333293,-0.16119
0.05435597,-0.33551
0.054378647,-0.48654
0.054401323,-0.56265
0.054424,-0.67273
0.054446677,-0.7691
0.054469353,-0.83252
0.05449203,-0.87122
0.054514707,-0.89676
0.054537383,-0.92099
0.05456006,-0.94031
0.054582737,-0.95444
0.054605413,-0.95767
0.05462809,-0.95728
0.054650767,-0.95355
0.054673443,-0.95486
0.05469612,-0.95471
0.054718797,-0.95779
0.054741473,-0.93509
0.05476415,-0.90231
0.054786827,-0.8822
0.054809503,-0.85559
0.05483218,-0.8223
0.054854857,-0.77621
0.054877533,-0.72067
0.05490021,-0.655
0.054922887,-0.58124
0.054945563,-0.49805
0.05496824,-0.4064
0.054990917,-0.30817
0.055013593,-0.20776
0.05503627,-0.10928
0.055058947,-0.01553
0.055081623,0.07269
0.0551043,0.15509
0.055126977,0.23004
0.055149653,0.29388
0.05517233,0.34201
0.055195007,0.37073
0.055217683,0.37903
0.05524036,0.36884
0.055263037,0.34348
0.055285713,0.30679
0.05530839,0.26193
0.055331067,0.21207
0.055353743,0.16049
0.05537642,0.11038
0.055399097,0.06393
0.055421773,0.02075
0.05544445,-0.02203
0.055467127,-0.06912
0.055489803,-0.12476
0.05551248,-0.19138
0.055535157,-0.26868
0.055557833,-0.35419
0.05558051,-0.44385
0.055603187,-0.53287
0.055625863,-0.61609
0.05564854,-0.68866
0.055671217,-0.74698
0.055693893,-0.78995
0.05571657,-0.819
0.055739247,-0.83752
0.055761923,-0.84888
0.0557846,-0.85513
0.055807277,-0.85645
0.055829953,-0.85251
0.05585263,-0.84354
0.055875307,-0.83112
0.055897983,-0.81769
0.05592066,-0.80518
0.055943337,-0.79395
0.055966013,-0.78296
0.05598869,-0.77094
0.056011367,-0.75711
0.056034043,-0.74173
0.05605672,-0.72482
0.056079397,-0.70569
0.056102073,-0.68256
0.05612475,-0.65353
0.056147427,-0.61774
0.056170103,-0.57584
0.05619278,-0.52997
0.056215457,-0.48218
0.056238133,-0.4342
0.05626081,-0.3869
0.056283487,-0.34109
0.056306163,-0.29819
0.05632884,-0.25977
0.056351517,-0.22684
0.056374193,-0.19958
0.05639687,-0.17706
0.056419547,-0.15811
0.056442223,-0.14227
0.0564649,-0.1297
0.056487577,-0.12057
0.056510253,-0.1145
0.05653293,-0.10977
0.056555607,-0.10434
0.056578283,-0.09698
0.05660096,-0.08765
0.056623637,-0.07755
0.056646313,-0.06784
0.05666899,-0.05881
0.056691667,-0.04935
0.056714343,-0.03802
0.05673702,-0.02417
0.056759697,-0.00854
0.056782373,0.00708
0.05680505,0.02118
0.056827727,0.03311
0.056850403,0.0437
0.05687308,0.05444
0.056895757,0.06644
0.056918433,0.0799
0.05694111,0.09421
0.056963787,0.10843
0.056986463,0.12173
0.05700914,0.13364
0.057031817,0.14355
0.057054493,0.15115
0.05707717,0.15594
0.057099847,0.15811
0.057122523,0.15829
0.0571452,0.1575
0.057167877,0.15665
0.057190553,0.15543
0.05721323,0.15396
0.057235907,0.15265
0.057258583,0.15302
0.05728126,0.1575
0.057303937,0.16907
0.057326613,0.18954
0.05734929,0.21979
0.057371967,0.25861
0.057394643,0.3053
0.05741732,0.35849
0.057439997,0.41882
0.057462673,0.48511
0.05748535,0.55798
0.057508027,0.63315
0.057530703,0.711
0.05755338,0.77597
0.057576057,0.81445
0.057598733,0.86237
0.05762141,0.90851
0.057644087,0.93457
0.057666763,0.94754
0.05768944,0.95575
0.057712117,0.96567
0.057734793,0.97577
0.05775747,0.9819
0.057780147,0.98273
0.057802823,0.97699
0.0578255,0.96786
0.057848177,0.96204
0.057870853,0.95428
0.05789353,0.944
0.057916207,0.93152
0.057938883,0.91855
0.05796156,0.90533
0.057984237,0.89172
0.058006913,0.87726
0.05802959,0.86255
0.058052267,0.84821
0.058074943,0.83456
0.05809762,0.82098
0.058120297,0.80679
0.058142973,0.79187
0.05816565,0.77707
0.058188327,0.76331
0.058211003,0.75076
0.05823368,0.73834
0.058256357,0.72495
0.058279033,0.71036
0.05830171,0.69565
0.058324387,0.68231
0.058347063,0.67078
0.05836974,0.65979
0.058392417,0.64761
0.058415093,0.63309
0.05843777,0.61783
0.058460447,0.6041
0.058483123,0.59445
0.0585058,0.58673
0.058528477,0.57712
0.058551153,0.55627
0.05857383,0.51865
0.058596507,0.45541
0.058619183,0.36703
0.05864186,0.24896
0.058664537,0.10922
0.058687213,-0.05298
0.05870989,-0.22046
0.058732567,-0.39246
0.058755243,-0.51642
0.05877792,-0.59891
0.058800597,-0.71243
0.058823273,-0.79462
0.05884595,-0.84781
0.058868627,-0.88028
0.058891303,-0.9071
0.05891398,-0.93082
0.058936657,-0.94937
0.058959333,-0.95834
0.05898201,-0.95969
0.059004687,-0.95667
0.059027363,-0.95621
0.05905004,-0.95609
0.059072717,-0.96088
0.059095393,-0.94971
0.05911807,-0.91956
0.059140747,-0.90009
0.059163423,-0.88327
0.0591861,-0.86636
0.059208777,-0.84012
0.059231453,-0.80167
0.05925413,-0.7482
0.059276807,-0.68079
0.059299483,-0.59933
0.05932216,-0.50473
0.059344837,-0.39832
0.059367513,-0.28445
0.05939019,-0.16974
0.059412867,-0.06091
0.059435543,0.03751
0.05945822,0.12485
0.059480897,0.20227
0.059503573,0.27106
0.05952625,0.3299
0.059548927,0.37534
0.059571603,0.40335
0.05959428,0.41129
0.059616957,0.39923
0.059639633,0.36951
0.05966231,0.32587
0.059684987,0.27277
0.059707663,0.21503
0.05973034,0.15744
0.059753017,0.10361
0.059775693,0.05447
0.05979837,0.00751
0.059821047,-0.04269
0.059843723,-0.10196
0.0598664,-0.17355
0.059889077,-0.25714
0.059911753,-0.34866
0.05993443,-0.4425
0.059957107,-0.53314
0.059979783,-0.61652
0.06000246,-0.68942
0.060025137,-0.74954
0.060047813,-0.79535
0.06007049,-0.82687
0.060093167,-0.84613
0.060115843,-0.85651
0.06013852,-0.86127
0.060161197,-0.86224
0.060183873,-0.85944
0.06020655,-0.85217
0.060229227,-0.84045
0.060251903,-0.82611
0.06027458,-0.81165
0.060297257,-0.79904
0.060319933,-0.78854
0.06034261,-0.77859
0.060365287,-0.76669
0.060387963,-0.75098
0.06041064,-0.73056
0.060433317,-0.70511
0.060455993,-0.67453
0.06047867,-0.63849
0.060501347,-0.59723
0.060524023,-0.5517
0.0605467,-0.504
0.060569377,-0.45639
0.060592053,-0.41061
0.06061473,-0.36728
0.060637407,-0.32632
0.060660083,-0.28778
0.06068276,-0.25232
0.060705437,-0.22092
0.060728113,-0.19434
0.06075079,-0.17285
0.060773467,-0.15567
0.060796143,-0.14215
0.06081882,-0.13184
0.060841497,-0.12445
0.060864173,-0.11951
0.06088685,-0.11572
0.060909527,-0.11142
0.060932203,-0.10522
0.06095488,-0.09695
0.060977557,-0.08774
0.061000233,-0.07913
0.06102291,-0.07193
0.061045587,-0.06549
0.061068263,-0.0582
0.06109094,-0.04852
0.061113617,-0.0365
0.061136293,-0.02362
0.06115897,-0.01202
0.061181647,-0.0029
0.061204323,0.00433
0.061227,0.01184
0.061249677,0.02203
0.061272353,0.03607
0.06129503,0.05328
0.061317707,0.07166
0.061340383,0.08905
0.06136306,0.10422
0.061385737,0.11679
0.061408413,0.12711
0.06143109,0.13547
0.061453767,0.14209
0.061476443,0.14719
0.06149912,0.15118
0.061521797,0.15479
0.061544473,0.15793
0.06156715,0.16058
0.061589827,0.1622
0.061612503,0.16354
0.06163518,0.16653
0.061657857,0.17459
0.061680533,0.19095
0.06170321,0.21689
0.061725887,0.25238
0.061748563,0.2944
0.06177124,0.34277
0.061793917,0.39511
0.061816593,0.45578
0.06183927,0.52142
0.061861947,0.5976
0.061884623,0.67249
0.0619073,0.75403
0.061929977,0.79532
0.061952653,0.83334
0.06197533,0.89291
0.061998007,0.92548
0.062020683,0.94412
0.06204336,0.95059
0.062066037,0.96088
0.062088713,0.97174
0.06211139,0.98181
0.062134067,0.98489
0.062156743,0.9809
0.06217942,0.97079
0.062202097,0.96481
0.062224773,0.95908
0.06224745,0.94974
0.062270127,0.93753
0.062292803,0.92441
0.06231548,0.91168
0.062338157,0.89868
0.062360833,0.88455
0.06238351,0.86935
0.062406187,0.85455
0.062428863,0.84085
0.06245154,0.82794
0.062474217,0.81439
0.062496893,0.79916
0.06251957,0.78342
0.062542247,0.76892
0.062564923,0.75632
0.0625876,0.74475
0.062610277,0.73215
0.062632953,0.71735
0.06265563,0.70151
0.062678307,0.68701
0.062700983,0.6756
0.06272366,0.66568
0.062746337,0.65488
0.062769013,0.64011
0.06279169,0.62354
0.062814367,0.6077
0.062837043,0.59805
0.06285972,0.59192
0.062882397,0.58649
0.062905073,0.56894
0.06292775,0.53528
0.062950427,0.47528
0.062973103,0.3942
0.06299578,0.28485
0.063018457,0.15747
0.063041133,0.00299
0.06306381,-0.159
0.063086487,-0.33755
0.063109163,-0.48697
0.06313184,-0.55637
0.063154517,-0.66953
0.063177193,-0.76834
0.06319987,-0.83301
0.063222547,-0.87
0.063245223,-0.8941
0.0632679,-0.91821
0.063290577,-0.93878
0.063313253,-0.95474
0.06333593,-0.95807
0.063358607,-0.95782
0.063381283,-0.95215
0.06340396,-0.95474
0.063426637,-0.95239
0.063449313,-0.96222
0.06347199,-0.93015
0.063494667,-0.87735
0.063517343,-0.85846
0.06354002,-0.83987
0.063562697,-0.81726
0.063585373,-0.7753
0.06360805,-0.72137
0.063630727,-0.6564
0.063653403,-0.58505
0.06367608,-0.50125
0.063698757,-0.40244
0.063721433,-0.2887
0.06374411,-0.16946
0.063766787,-0.05579
0.063789463,0.04385
0.06381214,0.1283
0.063834817,0.20129
0.063857493,0.26633
0.06388017,0.32278
0.063902847,0.36578
0.063925523,0.39026
0.0639482,0.39432
0.063970877,0.38037
0.063993553,0.35269
0.06401623,0.31473
0.064038907,0.2681
0.064061583,0.21442
0.06408426,0.1571
0.064106937,0.10104
0.064129613,0.05023
0.06415229,0.00446
0.064174967,-0.0412
0.064197643,-0.09363
0.06422032,-0.15771
0.064242997,-0.23386
0.064265673,-0.31848
0.06428835,-0.4068
0.064311027,-0.49503
0.064333703,-0.58054
0.06435638,-0.66019
0.064379057,-0.7294
0.064401733,-0.7836
0.06442441,-0.82053
0.064447087,-0.84232
0.064469763,-0.85431
0.06449244,-0.86188
0.064515117,-0.86716
0.064537793,-0.86868
0.06456047,-0.86386
0.064583147,-0.85211
0.064605823,-0.83636
0.0646285,-0.82098
0.064651177,-0.80896
0.064673853,-0.79993
0.06469653,-0.79102
0.064719207,-0.77924
0.064741883,-0.76334
0.06476456,-0.74362
0.064787237,-0.72034
0.064809913,-0.69235
0.06483259,-0.65741
0.064855267,-0.61462
0.064877943,-0.56522
0.06490062,-0.5126
0.064923297,-0.46021
0.064945973,-0.40964
0.06496865,-0.36087
0.064991327,-0.31375
0.065014003,-0.26938
0.06503668,-0.23026
0.065059357,-0.19858
0.065082033,-0.17444
0.06510471,-0.15576
0.065127387,-0.14011
0.065150063,-0.1265
0.06517274,-0.11588
0.065195417,-0.11084
0.065218093,-0.11099
0.06524077,-0.11411
0.065263447,-0.11679
0.065286123,-0.11636
0.0653088,-0.11273
0.065331477,-0.10751
0.065354153,-0.10239
0.06537683,-0.0975
0.065399507,-0.0918
0.065422183,-0.08389
0.06544486,-0.07376
0.065467537,-0.06238
0.065490213,-0.05084
0.06551289,-0.03925
0.065535567,-0.02661
0.065558243,-0.01215
0.06558092,0.00415
0.065603597,0.02148
0.065626273,0.03909
0.06564895,0.05685
0.065671627,0.07523
0.065694303,0.09406
0.06571698,0.11203
0.065739657,0.12726
0.065762333,0.13867
0.06578501,0.14703
0.065807687,0.15451
0.065830363,0.16272
0.06585304,0.17105
0.065875717,0.17722
0.065898393,0.17871
0.06592107,0.17511
0.065943747,0.16888
0.065966423,0.16412
0.0659891,0.16431
0.066011777,0.17117
0.066034453,0.18466
0.06605713,0.20474
0.066079807,0.23163
0.066102483,0.26636
0.06612516,0.30865
0.066147837,0.35831
0.066170513,0.41284
0.06619319,0.47278
0.066215867,0.53629
0.066238543,0.60626
0.06626122,0.67746
0.066283897,0.7532
0.066306573,0.80664
0.06632925,0.83972
0.066351927,0.88275
0.066374603,0.91809
0.06639728,0.93988
0.066419957,0.95209
0.066442633,0.96039
0.06646531,0.96872
0.066487987,0.97446
0.066510663,0.97913
0.06653334,0.97293
0.066556017,0.96075
0.066578693,0.95502
0.06660137,0.9472
0.066624047,0.93729
0.066646723,0.92358
0.0666694,0.90942
0.066692077,0.89584
0.066714753,0.88339
0.06673743,0.87024
0.066760107,0.85562
0.066782783,0.83997
0.06680546,0.82507
0.066828137,0.81168
0.066850813,0.79922
0.06687349,0.7861
0.066896167,0.77155
0.066918843,0.75632
0.06694152,0.74213
0.066964197,0.72968
0.066986873,0.71805
0.06700955,0.7056
0.067032227,0.69147
0.067054903,0.67682
0.06707758,0.66336
0.067100257,0.65173
0.067122933,0.64105
0.06714561,0.62872
0.067168287,0.61499
0.067190963,0.60049
0.06721364,0.58932
0.067236317,0.57959
0.067258993,0.56927
0.06728167,0.5466
0.067304347,0.50668
0.067327023,0.43848
0.0673497,0.34717
0.067372377,0.22723
0.067395053,0.09186
0.06741773,-0.06647
0.067440407,-0.22626
0.067463083,-0.39969
0.06748576,-0.53107
0.067508437,-0.60165
0.067531113,-0.71378
0.06755379,-0.79495
0.067576467,-0.84958
0.067599143,-0.88193
0.06762182,-0.9075
0.067644497,-0.93002
0.067667173,-0.94739
0.06768985,-0.95734
0.067712527,-0.95837
0.067735203,-0.95706
0.06775788,-0.95447
0.067780557,-0.95648
0.067803233,-0.95654
0.06782591,-0.9566
0.067848587,-0.91772
0.067871263,-0.87067
0.06789394,-0.84555
0.067916617,-0.82254
0.067939293,-0.79547
0.06796197,-0.75034
0.067984647,-0.68906
0.068007323,-0.61304
